[
  {
    "id": "4e451e2c-c267-40fb-8b16-9e6a73f20859",
    "data": [
      {
        "text": "I want to write a new post",
        "userDefined": false
      }
    ],
    "isTemplate": false,
    "count": 0,
    "lang": "en",
    "updated": 0
  },
  {
    "id": "8a9d286c-63cc-4394-9f1c-27e471806395",
    "data": [
      {
        "text": "Make a new post",
        "userDefined": false
      }
    ],
    "isTemplate": false,
    "count": 0,
    "lang": "en",
    "updated": 0
  },
  {
    "id": "3d4383b2-edd8-43a0-936d-4de709c15eea",
    "data": [
      {
        "text": "Post a new message to ",
        "userDefined": false
      },
      {
        "text": "Van Vleck",
        "meta": "@Chatroom",
        "alias": "Chatroom",
        "userDefined": false
      }
    ],
    "isTemplate": false,
    "count": 0,
    "lang": "en",
    "updated": 0
  },
  {
    "id": "8feec2cd-5885-4303-840c-91c78ee0dc17",
    "data": [
      {
        "text": "Create a post",
        "userDefined": false
      }
    ],
    "isTemplate": false,
    "count": 0,
    "lang": "en",
    "updated": 0
  }
]