[
  {
    "id": "1c861a5f-7e2b-4d05-92e4-ff02a30795e5",
    "data": [
      {
        "text": "What are the ",
        "userDefined": false
      },
      {
        "text": "4",
        "meta": "@sys.number",
        "alias": "NumPosts",
        "userDefined": true
      },
      {
        "text": " latest messages in ",
        "userDefined": false
      },
      {
        "text": "Grainger",
        "meta": "@Chatroom",
        "alias": "Chatroom",
        "userDefined": true
      },
      {
        "text": "?",
        "userDefined": false
      }
    ],
    "isTemplate": false,
    "count": 0,
    "lang": "en",
    "updated": 0
  },
  {
    "id": "52a28caf-8261-4e6a-a549-cde12322a3e0",
    "data": [
      {
        "text": "Give me the most recent post in ",
        "userDefined": false
      },
      {
        "text": "Grainger",
        "meta": "@Chatroom",
        "alias": "Chatroom",
        "userDefined": true
      }
    ],
    "isTemplate": false,
    "count": 0,
    "lang": "en",
    "updated": 0
  },
  {
    "id": "667acd99-2cf7-4430-b9fa-bf1441ccde71",
    "data": [
      {
        "text": "What are the most recent ",
        "userDefined": false
      },
      {
        "text": "2",
        "meta": "@sys.number",
        "alias": "NumPosts",
        "userDefined": true
      },
      {
        "text": " posts in ",
        "userDefined": false
      },
      {
        "text": "Vilas",
        "meta": "@Chatroom",
        "alias": "Chatroom",
        "userDefined": true
      }
    ],
    "isTemplate": false,
    "count": 0,
    "lang": "en",
    "updated": 0
  },
  {
    "id": "ede5f9aa-aa97-4150-9138-59869e6d6cf3",
    "data": [
      {
        "text": "Get the latest posts in ",
        "userDefined": false
      },
      {
        "text": "Van Vleck",
        "meta": "@Chatroom",
        "alias": "Chatroom",
        "userDefined": false
      }
    ],
    "isTemplate": false,
    "count": 0,
    "lang": "en",
    "updated": 0
  },
  {
    "id": "0783fc66-00ee-4440-b467-912c2111aa97",
    "data": [
      {
        "text": "3",
        "meta": "@sys.number",
        "alias": "NumPosts",
        "userDefined": true
      },
      {
        "text": " latest posts in ",
        "userDefined": false
      },
      {
        "text": "Chamberlin",
        "meta": "@Chatroom",
        "alias": "Chatroom",
        "userDefined": true
      }
    ],
    "isTemplate": false,
    "count": 0,
    "lang": "en",
    "updated": 0
  }
]