[
  {
    "id": "2694caa0-54b7-4731-852a-16bf62134bbc",
    "data": [
      {
        "text": "What are the chatrooms?",
        "userDefined": false
      }
    ],
    "isTemplate": false,
    "count": 0,
    "lang": "en",
    "updated": 0
  },
  {
    "id": "01bd6be8-26df-4e09-aff8-f5d210dab5ba",
    "data": [
      {
        "text": "Where can I post messages?",
        "userDefined": false
      }
    ],
    "isTemplate": false,
    "count": 0,
    "lang": "en",
    "updated": 0
  },
  {
    "id": "24b927af-d6a8-48ea-83d7-46179c521e36",
    "data": [
      {
        "text": "List the chatrooms",
        "userDefined": false
      }
    ],
    "isTemplate": false,
    "count": 0,
    "lang": "en",
    "updated": 0
  },
  {
    "id": "c7790b50-dc41-449a-b4dd-6ec38d2eb9fe",
    "data": [
      {
        "text": "What chatrooms are there?",
        "userDefined": false
      }
    ],
    "isTemplate": false,
    "count": 0,
    "lang": "en",
    "updated": 0
  }
]