[
  {
    "id": "d55ecd0c-f0c2-40f2-87ef-13600b7f88a9",
    "data": [
      {
        "text": "How many users does BadgerChat have?",
        "userDefined": false
      }
    ],
    "isTemplate": false,
    "count": 0,
    "lang": "en",
    "updated": 0
  },
  {
    "id": "25585e70-602c-4cc0-afc6-aa14fe7c22a9",
    "data": [
      {
        "text": "What\u0027s the number of people who\u0027ve signed up?",
        "userDefined": false
      }
    ],
    "isTemplate": false,
    "count": 0,
    "lang": "en",
    "updated": 0
  },
  {
    "id": "9ba8fecc-991a-4ad1-b641-ed09d618b702",
    "data": [
      {
        "text": "How many people have signed up for BadgerChat?",
        "userDefined": false
      }
    ],
    "isTemplate": false,
    "count": 0,
    "lang": "en",
    "updated": 0
  },
  {
    "id": "19b695da-586f-4428-a2ad-463df90544f3",
    "data": [
      {
        "text": "How many users are there?",
        "userDefined": false
      }
    ],
    "isTemplate": false,
    "count": 0,
    "lang": "en",
    "updated": 0
  }
]