[
  {
    "id": "f9c67718-3b50-409e-82d4-a7da43e23c78",
    "data": [
      {
        "text": "Get the total number of posts for ",
        "userDefined": false
      },
      {
        "text": "Chamberlin",
        "meta": "@Chatroom",
        "alias": "Chatroom",
        "userDefined": true
      }
    ],
    "isTemplate": false,
    "count": 0,
    "lang": "en",
    "updated": 0
  },
  {
    "id": "3ff338e3-cc24-4606-a726-60a257f89938",
    "data": [
      {
        "text": "What\u0027s the number of posts in ",
        "userDefined": false
      },
      {
        "text": "Brogden",
        "meta": "@Chatroom",
        "alias": "Chatroom",
        "userDefined": true
      }
    ],
    "isTemplate": false,
    "count": 0,
    "lang": "en",
    "updated": 0
  },
  {
    "id": "15b1da0f-ae03-48f6-a7ee-a3c3bc6523e8",
    "data": [
      {
        "text": "How many posts in ",
        "userDefined": false
      },
      {
        "text": "Vilas",
        "meta": "@Chatroom",
        "alias": "Chatroom",
        "userDefined": true
      }
    ],
    "isTemplate": false,
    "count": 0,
    "lang": "en",
    "updated": 0
  },
  {
    "id": "d56843bb-19b0-45c2-8e25-5187fcb1f2f4",
    "data": [
      {
        "text": "How many posts are in ",
        "userDefined": false
      },
      {
        "text": "Chamberlin",
        "meta": "@Chatroom",
        "alias": "Chatroom",
        "userDefined": true
      }
    ],
    "isTemplate": false,
    "count": 0,
    "lang": "en",
    "updated": 0
  },
  {
    "id": "5e885fed-8083-48b0-9568-a3f0a72ed498",
    "data": [
      {
        "text": "Get the number of posts in ",
        "userDefined": false
      },
      {
        "text": "Van Vleck",
        "meta": "@Chatroom",
        "alias": "Chatroom",
        "userDefined": true
      }
    ],
    "isTemplate": false,
    "count": 0,
    "lang": "en",
    "updated": 0
  },
  {
    "id": "28bf6e73-2aeb-4fa6-bc0a-e1ebdf1f2b6a",
    "data": [
      {
        "text": "Get the number of posts",
        "userDefined": false
      }
    ],
    "isTemplate": false,
    "count": 0,
    "lang": "en",
    "updated": 0
  },
  {
    "id": "62106e9f-a9fd-40df-b331-4ecf346a911b",
    "data": [
      {
        "text": "How many posts does BadgerChat have?",
        "userDefined": false
      }
    ],
    "isTemplate": false,
    "count": 0,
    "lang": "en",
    "updated": 0
  },
  {
    "id": "9a7f19cc-b91f-4271-8018-c7a7bc106da5",
    "data": [
      {
        "text": "What is the number of posts in BadgerChat?",
        "userDefined": false
      }
    ],
    "isTemplate": false,
    "count": 0,
    "lang": "en",
    "updated": 0
  },
  {
    "id": "a2dccd55-ac18-4aee-8098-725cd6f74f83",
    "data": [
      {
        "text": "How many posts are there?",
        "userDefined": false
      }
    ],
    "isTemplate": false,
    "count": 0,
    "lang": "en",
    "updated": 0
  }
]