[
  {
    "value": "VanVleck",
    "synonyms": [
      "Van Vleck",
      "VanVleck"
    ]
  },
  {
    "value": "Bascom",
    "synonyms": [
      "Bascom"
    ]
  },
  {
    "value": "Brogden",
    "synonyms": [
      "Brogden"
    ]
  },
  {
    "value": "Chamberlin",
    "synonyms": [
      "Chamberlin"
    ]
  },
  {
    "value": "Vilas",
    "synonyms": [
      "Vilas"
    ]
  },
  {
    "value": "Ingraham",
    "synonyms": [
      "Ingraham"
    ]
  },
  {
    "value": "Grainger",
    "synonyms": [
      "Grainger"
    ]
  }
]